event_id,equipment_id,timestamp,region,operation_type,speed_kmh,engine_temp_c,rain_mm,maintenance_days,hard_brakes,risk_next_24h
synthetic-0000,EQ-000,2026-01-01T00:00:00+00:00,Norte,urbana,85.3,,9.6,14,2,0
synthetic-0001,EQ-001,2026-01-01T06:00:00+00:00,Nordeste,rural,18.5,71.1,8.1,38,0,0
synthetic-0002,EQ-002,2026-01-01T12:00:00+00:00,Sudeste,industrial,79.8,117.6,0.2,10,11,1
synthetic-0003,EQ-003,2026-01-01T18:00:00+00:00,Sul,industrial,38.7,114.6,3.6,24,1,0
synthetic-0004,EQ-004,2026-01-02T00:00:00+00:00,Sul,industrial,103.8,112.4,18.8,24,1,0
synthetic-0005,EQ-005,2026-01-02T06:00:00+00:00,Nordeste,urbana,92.5,68.0,8.0,18,1,0
synthetic-0006,EQ-006,2026-01-02T12:00:00+00:00,Sul,urbana,64.9,119.2,5.7,22,3,0
synthetic-0007,EQ-007,2026-01-02T18:00:00+00:00,Nordeste,industrial,33.8,112.4,5.7,24,4,0
synthetic-0008,EQ-008,2026-01-03T00:00:00+00:00,Sul,urbana,100.4,79.9,1.1,20,6,1
synthetic-0009,EQ-009,2026-01-03T06:00:00+00:00,Sudeste,rural,118.7,122.0,11.0,41,7,1
synthetic-0010,EQ-010,2026-01-03T12:00:00+00:00,Sudeste,rural,30.4,113.4,18.9,47,9,1
synthetic-0011,EQ-011,2026-01-03T18:00:00+00:00,Norte,rodoviaria,124.7,74.0,17.3,48,0,0
synthetic-0012,EQ-012,2026-01-04T00:00:00+00:00,Sudeste,industrial,102.1,92.4,2.2,24,9,0
synthetic-0013,EQ-013,2026-01-04T06:00:00+00:00,Sul,industrial,109.7,65.7,25.2,43,8,1
synthetic-0014,EQ-014,2026-01-04T12:00:00+00:00,Nordeste,urbana,62.8,94.5,33.4,46,4,0
synthetic-0015,EQ-015,2026-01-04T18:00:00+00:00,Nordeste,urbana,47.8,106.5,21.3,9,5,0
synthetic-0016,EQ-016,2026-01-05T00:00:00+00:00,Norte,rodoviaria,68.7,72.3,12.7,19,3,0
synthetic-0017,EQ-017,2026-01-05T06:00:00+00:00,Nordeste,rodoviaria,119.2,,17.0,4,8,0
synthetic-0018,EQ-018,2026-01-05T12:00:00+00:00,Nordeste,rodoviaria,119.2,75.7,18.5,38,6,0
synthetic-0019,EQ-019,2026-01-05T18:00:00+00:00,Norte,rodoviaria,58.9,108.7,13.1,33,7,1
synthetic-0020,EQ-020,2026-01-06T00:00:00+00:00,Norte,urbana,52.2,103.2,8.1,14,0,0
synthetic-0021,EQ-021,2026-01-06T06:00:00+00:00,Sudeste,rodoviaria,114.6,120.9,2.5,15,4,1
synthetic-0022,EQ-022,2026-01-06T12:00:00+00:00,Sudeste,rodoviaria,94.6,122.4,20.2,15,7,1
synthetic-0023,EQ-023,2026-01-06T18:00:00+00:00,Norte,urbana,87.5,88.0,14.4,46,0,0
synthetic-0024,EQ-024,2026-01-07T00:00:00+00:00,Sudeste,rodoviaria,52.3,121.0,8.7,12,8,0
synthetic-0025,EQ-025,2026-01-07T06:00:00+00:00,Norte,urbana,45.6,81.2,32.3,28,8,0
synthetic-0026,EQ-026,2026-01-07T12:00:00+00:00,Nordeste,rural,74.5,66.0,3.3,48,3,0
synthetic-0027,EQ-027,2026-01-07T18:00:00+00:00,Sudeste,industrial,38.5,91.1,2.1,24,0,0
synthetic-0028,EQ-028,2026-01-08T00:00:00+00:00,Sudeste,rodoviaria,101.4,83.5,24.4,46,8,1
synthetic-0029,EQ-029,2026-01-08T06:00:00+00:00,Sul,urbana,38.9,68.8,25.8,3,11,1
synthetic-0030,EQ-030,2026-01-08T12:00:00+00:00,Norte,rodoviaria,67.4,124.8,18.6,3,8,1
synthetic-0031,EQ-031,2026-01-08T18:00:00+00:00,Norte,urbana,22.5,121.0,14.1,36,3,0
synthetic-0032,EQ-032,2026-01-09T00:00:00+00:00,Sul,rodoviaria,79.2,99.0,32.7,13,10,1
synthetic-0033,EQ-033,2026-01-09T06:00:00+00:00,Norte,rural,29.4,107.0,16.0,48,1,0
synthetic-0034,EQ-034,2026-01-09T12:00:00+00:00,Nordeste,industrial,76.9,,18.8,32,4,0
synthetic-0035,EQ-000,2026-01-09T18:00:00+00:00,Sul,urbana,111.7,89.0,5.5,34,11,1
synthetic-0036,EQ-001,2026-01-10T00:00:00+00:00,Norte,urbana,76.0,125.6,3.6,8,4,0
synthetic-0037,EQ-002,2026-01-10T06:00:00+00:00,Sul,rural,32.1,83.3,7.4,21,3,0
synthetic-0038,EQ-003,2026-01-10T12:00:00+00:00,Norte,industrial,114.9,68.3,22.2,17,0,0
synthetic-0039,EQ-004,2026-01-10T18:00:00+00:00,Sudeste,urbana,85.1,82.0,25.9,35,11,1
synthetic-0040,EQ-005,2026-01-11T00:00:00+00:00,Nordeste,rural,119.0,109.9,5.2,2,5,1
synthetic-0041,EQ-006,2026-01-11T06:00:00+00:00,Nordeste,rodoviaria,48.9,123.4,27.9,2,5,0
synthetic-0042,EQ-007,2026-01-11T12:00:00+00:00,Nordeste,rodoviaria,53.9,101.4,30.6,39,11,0
synthetic-0043,EQ-008,2026-01-11T18:00:00+00:00,Sul,rural,122.4,117.7,30.8,1,2,0
synthetic-0044,EQ-009,2026-01-12T00:00:00+00:00,Sudeste,urbana,110.0,117.7,9.3,44,1,0
synthetic-0045,EQ-010,2026-01-12T06:00:00+00:00,Nordeste,urbana,39.5,118.1,16.1,19,3,0
synthetic-0046,EQ-011,2026-01-12T12:00:00+00:00,Sul,rural,58.8,83.1,2.4,49,4,0
synthetic-0047,EQ-012,2026-01-12T18:00:00+00:00,Sul,urbana,107.8,86.5,1.0,16,2,1
synthetic-0048,EQ-013,2026-01-13T00:00:00+00:00,Norte,rural,62.8,112.4,11.0,38,8,0
synthetic-0049,EQ-014,2026-01-13T06:00:00+00:00,Nordeste,industrial,35.9,67.9,15.3,33,8,0
synthetic-0050,EQ-015,2026-01-13T12:00:00+00:00,Sul,industrial,119.4,124.9,21.8,42,1,1
synthetic-0051,EQ-016,2026-01-13T18:00:00+00:00,Sudeste,rodoviaria,50.9,,19.4,12,6,0
synthetic-0052,EQ-017,2026-01-14T00:00:00+00:00,Sudeste,industrial,48.1,100.6,0.0,18,3,0
synthetic-0053,EQ-018,2026-01-14T06:00:00+00:00,Norte,industrial,63.6,78.9,16.6,47,2,0
synthetic-0054,EQ-019,2026-01-14T12:00:00+00:00,Sul,rodoviaria,84.6,86.8,28.6,48,3,0
synthetic-0055,EQ-020,2026-01-14T18:00:00+00:00,Sudeste,rural,31.2,68.0,34.4,39,1,0
synthetic-0056,EQ-021,2026-01-15T00:00:00+00:00,Nordeste,urbana,78.3,111.7,13.4,25,3,0
synthetic-0057,EQ-022,2026-01-15T06:00:00+00:00,Sudeste,urbana,109.6,122.6,27.2,14,2,0
synthetic-0058,EQ-023,2026-01-15T12:00:00+00:00,Sul,rural,115.9,72.9,4.7,29,10,1
synthetic-0059,EQ-024,2026-01-15T18:00:00+00:00,Nordeste,rural,94.1,97.8,29.1,35,7,1
synthetic-0060,EQ-025,2026-01-16T00:00:00+00:00,Sudeste,rodoviaria,97.7,119.6,9.7,49,8,1
synthetic-0061,EQ-026,2026-01-16T06:00:00+00:00,Norte,rodoviaria,23.5,83.6,9.5,20,8,0
synthetic-0062,EQ-027,2026-01-16T12:00:00+00:00,Sul,rural,57.1,74.9,7.5,26,6,0
synthetic-0063,EQ-028,2026-01-16T18:00:00+00:00,Norte,rural,37.8,92.3,31.7,37,11,1
synthetic-0064,EQ-029,2026-01-17T00:00:00+00:00,Nordeste,rural,118.7,84.4,13.6,26,8,1
synthetic-0065,EQ-030,2026-01-17T06:00:00+00:00,Nordeste,rural,62.9,66.9,11.8,43,6,0
synthetic-0066,EQ-031,2026-01-17T12:00:00+00:00,Norte,urbana,122.9,99.7,31.7,37,9,1
synthetic-0067,EQ-032,2026-01-17T18:00:00+00:00,Nordeste,rural,29.9,95.0,1.8,24,5,0
synthetic-0068,EQ-033,2026-01-18T00:00:00+00:00,Norte,rural,98.7,,26.3,26,4,1
synthetic-0069,EQ-034,2026-01-18T06:00:00+00:00,Norte,urbana,74.3,130.0,12.2,41,1,0
synthetic-0070,EQ-000,2026-01-18T12:00:00+00:00,Norte,rodoviaria,36.9,66.3,5.3,8,7,0
synthetic-0071,EQ-001,2026-01-18T18:00:00+00:00,Norte,rodoviaria,43.2,89.0,21.2,47,11,0
synthetic-0072,EQ-002,2026-01-19T00:00:00+00:00,Sudeste,rodoviaria,26.9,66.7,10.9,43,6,1
synthetic-0073,EQ-003,2026-01-19T06:00:00+00:00,Norte,urbana,91.0,105.8,3.6,49,4,1
synthetic-0074,EQ-004,2026-01-19T12:00:00+00:00,Sudeste,rural,62.1,89.1,17.7,21,0,1
synthetic-0075,EQ-005,2026-01-19T18:00:00+00:00,Sudeste,rodoviaria,120.7,106.3,29.0,45,2,1
synthetic-0076,EQ-006,2026-01-20T00:00:00+00:00,Sudeste,rural,121.2,82.6,28.3,34,7,0
synthetic-0077,EQ-007,2026-01-20T06:00:00+00:00,Sudeste,rodoviaria,80.2,85.9,8.6,5,4,0
synthetic-0078,EQ-008,2026-01-20T12:00:00+00:00,Nordeste,rural,77.7,108.4,11.8,31,5,1
synthetic-0079,EQ-009,2026-01-20T18:00:00+00:00,Norte,rodoviaria,102.8,87.1,30.8,44,4,1
synthetic-0080,EQ-010,2026-01-21T00:00:00+00:00,Sudeste,rural,94.2,96.8,26.5,44,7,0
synthetic-0081,EQ-011,2026-01-21T06:00:00+00:00,Sul,rural,25.2,79.4,24.2,19,10,0
synthetic-0082,EQ-012,2026-01-21T12:00:00+00:00,Sudeste,industrial,52.8,129.8,19.3,22,11,1
synthetic-0083,EQ-013,2026-01-21T18:00:00+00:00,Nordeste,rodoviaria,40.4,111.9,11.0,47,8,1
synthetic-0084,EQ-014,2026-01-22T00:00:00+00:00,Sul,urbana,68.3,112.1,34.2,33,9,0
synthetic-0085,EQ-015,2026-01-22T06:00:00+00:00,Nordeste,industrial,47.6,,10.6,45,8,1
synthetic-0086,EQ-016,2026-01-22T12:00:00+00:00,Norte,urbana,21.0,84.0,33.0,40,7,0
synthetic-0087,EQ-017,2026-01-22T18:00:00+00:00,Sudeste,urbana,66.6,93.6,6.5,3,4,0
synthetic-0088,EQ-018,2026-01-23T00:00:00+00:00,Nordeste,industrial,59.1,69.8,22.0,3,2,0
synthetic-0089,EQ-019,2026-01-23T06:00:00+00:00,Nordeste,rural,42.3,101.3,14.6,38,9,1
synthetic-0090,EQ-020,2026-01-23T12:00:00+00:00,Norte,urbana,63.7,120.9,34.7,19,9,0
synthetic-0091,EQ-021,2026-01-23T18:00:00+00:00,Nordeste,urbana,37.9,78.7,23.1,10,3,0
synthetic-0092,EQ-022,2026-01-24T00:00:00+00:00,Sul,industrial,59.9,109.8,16.4,2,3,0
synthetic-0093,EQ-023,2026-01-24T06:00:00+00:00,Nordeste,rural,64.9,109.7,32.3,40,9,1
synthetic-0094,EQ-024,2026-01-24T12:00:00+00:00,Norte,rodoviaria,39.7,74.7,9.3,9,1,0
synthetic-0095,EQ-025,2026-01-24T18:00:00+00:00,Sudeste,industrial,80.5,118.6,32.2,28,1,0
synthetic-0096,EQ-026,2026-01-25T00:00:00+00:00,Norte,rural,118.7,97.5,17.3,5,9,0
synthetic-0097,EQ-027,2026-01-25T06:00:00+00:00,Norte,industrial,81.4,66.7,8.0,43,9,0
synthetic-0098,EQ-028,2026-01-25T12:00:00+00:00,Nordeste,rural,98.9,76.4,18.2,28,4,0
synthetic-0099,EQ-029,2026-01-25T18:00:00+00:00,Norte,rodoviaria,69.1,70.9,12.2,21,5,0
synthetic-0100,EQ-030,2026-01-26T00:00:00+00:00,Norte,rural,91.3,83.7,33.1,48,8,1
synthetic-0101,EQ-031,2026-01-26T06:00:00+00:00,Sudeste,rural,42.8,72.5,27.0,32,0,1
synthetic-0102,EQ-032,2026-01-26T12:00:00+00:00,Nordeste,industrial,72.0,,17.4,28,0,0
synthetic-0103,EQ-033,2026-01-26T18:00:00+00:00,Nordeste,rodoviaria,117.0,93.5,24.4,7,0,0
synthetic-0104,EQ-034,2026-01-27T00:00:00+00:00,Norte,rodoviaria,16.5,91.5,7.9,7,7,0
synthetic-0105,EQ-000,2026-01-27T06:00:00+00:00,Nordeste,rural,93.8,98.1,9.6,30,7,1
synthetic-0106,EQ-001,2026-01-27T12:00:00+00:00,Sul,rural,57.2,124.9,17.8,8,1,0
synthetic-0107,EQ-002,2026-01-27T18:00:00+00:00,Sudeste,rodoviaria,101.6,82.4,0.1,46,4,1
synthetic-0108,EQ-003,2026-01-28T00:00:00+00:00,Sul,rodoviaria,68.3,86.6,26.7,24,7,0
synthetic-0109,EQ-004,2026-01-28T06:00:00+00:00,Sul,rural,41.3,89.9,30.0,26,0,0
synthetic-0110,EQ-005,2026-01-28T12:00:00+00:00,Sudeste,urbana,104.3,90.1,23.2,41,2,1
synthetic-0111,EQ-006,2026-01-28T18:00:00+00:00,Sudeste,urbana,121.2,86.6,3.5,28,1,0
synthetic-0112,EQ-007,2026-01-29T00:00:00+00:00,Sul,rural,60.1,107.6,5.4,30,4,0
synthetic-0113,EQ-008,2026-01-29T06:00:00+00:00,Sudeste,urbana,108.7,120.4,30.1,24,5,1
synthetic-0114,EQ-009,2026-01-29T12:00:00+00:00,Norte,rural,40.8,109.5,10.1,14,11,0
synthetic-0115,EQ-010,2026-01-29T18:00:00+00:00,Sul,urbana,98.6,110.8,3.5,10,11,1
synthetic-0116,EQ-011,2026-01-30T00:00:00+00:00,Sudeste,rodoviaria,102.6,84.1,13.1,9,3,1
synthetic-0117,EQ-012,2026-01-30T06:00:00+00:00,Nordeste,rodoviaria,23.7,121.6,21.7,15,7,0
synthetic-0118,EQ-013,2026-01-30T12:00:00+00:00,Nordeste,urbana,42.9,81.6,0.3,29,4,0
synthetic-0119,EQ-014,2026-01-30T18:00:00+00:00,Sul,rural,53.0,,22.4,27,11,0
synthetic-0120,EQ-015,2026-01-31T00:00:00+00:00,Sul,industrial,36.9,90.0,16.9,15,6,0
synthetic-0121,EQ-016,2026-01-31T06:00:00+00:00,Norte,rural,47.5,128.6,23.0,17,0,0
synthetic-0122,EQ-017,2026-01-31T12:00:00+00:00,Nordeste,industrial,114.3,115.4,8.1,22,3,0
synthetic-0123,EQ-018,2026-01-31T18:00:00+00:00,Norte,industrial,94.3,107.8,29.3,40,1,0
synthetic-0124,EQ-019,2026-02-01T00:00:00+00:00,Sudeste,rodoviaria,18.7,88.7,4.6,18,5,0
synthetic-0125,EQ-020,2026-02-01T06:00:00+00:00,Nordeste,industrial,101.5,122.0,12.8,32,4,0
synthetic-0126,EQ-021,2026-02-01T12:00:00+00:00,Sudeste,urbana,118.9,127.9,10.3,21,1,1
synthetic-0127,EQ-022,2026-02-01T18:00:00+00:00,Sul,urbana,121.3,120.9,25.3,25,8,1
synthetic-0128,EQ-023,2026-02-02T00:00:00+00:00,Sul,rural,16.5,99.9,15.9,43,11,0
synthetic-0129,EQ-024,2026-02-02T06:00:00+00:00,Sul,rodoviaria,118.4,72.0,8.2,1,9,0
synthetic-0130,EQ-025,2026-02-02T12:00:00+00:00,Norte,rodoviaria,84.9,95.2,24.5,41,6,1
synthetic-0131,EQ-026,2026-02-02T18:00:00+00:00,Nordeste,rural,19.1,129.7,4.1,15,8,0
synthetic-0132,EQ-027,2026-02-03T00:00:00+00:00,Nordeste,rural,88.8,113.3,33.1,26,9,1
synthetic-0133,EQ-028,2026-02-03T06:00:00+00:00,Sul,rodoviaria,106.7,105.0,32.9,17,0,0
synthetic-0134,EQ-029,2026-02-03T12:00:00+00:00,Sul,urbana,119.6,120.6,3.5,43,5,1
synthetic-0135,EQ-030,2026-02-03T18:00:00+00:00,Nordeste,urbana,35.9,72.9,29.7,29,1,1
synthetic-0136,EQ-031,2026-02-04T00:00:00+00:00,Nordeste,rodoviaria,51.7,,27.5,13,1,0
synthetic-0137,EQ-032,2026-02-04T06:00:00+00:00,Sul,rodoviaria,40.6,115.3,27.6,38,0,0
synthetic-0138,EQ-033,2026-02-04T12:00:00+00:00,Norte,industrial,74.4,116.9,3.8,1,2,0
synthetic-0139,EQ-034,2026-02-04T18:00:00+00:00,Sudeste,urbana,41.2,86.0,6.1,3,2,0
synthetic-0140,EQ-000,2026-02-05T00:00:00+00:00,Nordeste,urbana,67.4,115.6,18.0,6,7,0
synthetic-0141,EQ-001,2026-02-05T06:00:00+00:00,Norte,rural,115.0,107.8,10.6,41,0,0
synthetic-0142,EQ-002,2026-02-05T12:00:00+00:00,Norte,industrial,61.9,72.0,24.9,28,1,0
synthetic-0143,EQ-003,2026-02-05T18:00:00+00:00,Sul,rural,22.2,82.9,22.2,35,11,0
synthetic-0144,EQ-004,2026-02-06T00:00:00+00:00,Norte,rodoviaria,73.4,94.5,21.2,6,11,1
synthetic-0145,EQ-005,2026-02-06T06:00:00+00:00,Norte,industrial,112.7,91.9,29.0,25,6,1
synthetic-0146,EQ-006,2026-02-06T12:00:00+00:00,Norte,urbana,88.2,89.3,5.3,30,1,1
synthetic-0147,EQ-007,2026-02-06T18:00:00+00:00,Sul,urbana,25.6,113.0,28.4,35,0,0
synthetic-0148,EQ-008,2026-02-07T00:00:00+00:00,Sul,industrial,111.1,126.2,14.8,46,0,1
synthetic-0149,EQ-009,2026-02-07T06:00:00+00:00,Sul,industrial,78.6,78.8,23.0,14,1,1
synthetic-0150,EQ-010,2026-02-07T12:00:00+00:00,Norte,industrial,45.6,79.7,15.0,35,9,1
synthetic-0151,EQ-011,2026-02-07T18:00:00+00:00,Nordeste,rodoviaria,45.1,114.6,32.3,22,0,0
synthetic-0152,EQ-012,2026-02-08T00:00:00+00:00,Nordeste,rural,59.1,74.2,22.2,1,1,0
synthetic-0153,EQ-013,2026-02-08T06:00:00+00:00,Norte,urbana,52.5,,25.3,49,9,1
synthetic-0154,EQ-014,2026-02-08T12:00:00+00:00,Sudeste,rural,98.0,68.2,2.9,28,10,0
synthetic-0155,EQ-015,2026-02-08T18:00:00+00:00,Norte,industrial,60.6,79.0,17.9,22,6,0
synthetic-0156,EQ-016,2026-02-09T00:00:00+00:00,Norte,urbana,80.2,99.3,10.8,14,6,1
synthetic-0157,EQ-017,2026-02-09T06:00:00+00:00,Norte,urbana,119.0,114.9,26.7,18,5,1
synthetic-0158,EQ-018,2026-02-09T12:00:00+00:00,Sul,urbana,62.4,73.4,18.6,14,8,0
synthetic-0159,EQ-019,2026-02-09T18:00:00+00:00,Sudeste,rural,96.6,93.4,16.1,4,5,0
synthetic-0160,EQ-020,2026-02-10T00:00:00+00:00,Sudeste,industrial,60.9,72.5,0.7,20,2,0
synthetic-0161,EQ-021,2026-02-10T06:00:00+00:00,Sudeste,industrial,107.9,80.8,20.6,33,1,0
synthetic-0162,EQ-022,2026-02-10T12:00:00+00:00,Nordeste,industrial,39.4,115.6,2.7,40,1,0
synthetic-0163,EQ-023,2026-02-10T18:00:00+00:00,Sul,rodoviaria,120.4,107.0,5.2,6,2,1
synthetic-0164,EQ-024,2026-02-11T00:00:00+00:00,Sudeste,rural,31.8,114.3,2.6,49,10,0
synthetic-0165,EQ-025,2026-02-11T06:00:00+00:00,Sul,industrial,98.6,94.2,32.3,36,10,1
synthetic-0166,EQ-026,2026-02-11T12:00:00+00:00,Norte,industrial,22.5,93.7,10.6,17,9,0
synthetic-0167,EQ-027,2026-02-11T18:00:00+00:00,Norte,rural,49.1,94.4,2.0,18,1,0
synthetic-0168,EQ-028,2026-02-12T00:00:00+00:00,Nordeste,industrial,76.0,116.5,31.4,28,9,1
synthetic-0169,EQ-029,2026-02-12T06:00:00+00:00,Norte,rodoviaria,70.2,127.3,15.8,21,11,1
synthetic-0170,EQ-030,2026-02-12T12:00:00+00:00,Sul,industrial,92.8,,18.3,39,2,0
synthetic-0171,EQ-031,2026-02-12T18:00:00+00:00,Sul,urbana,57.6,115.3,23.8,3,10,1
synthetic-0172,EQ-032,2026-02-13T00:00:00+00:00,Nordeste,industrial,76.4,90.1,8.8,42,9,1
synthetic-0173,EQ-033,2026-02-13T06:00:00+00:00,Sudeste,rodoviaria,88.0,124.6,10.9,41,11,1
synthetic-0174,EQ-034,2026-02-13T12:00:00+00:00,Norte,rural,118.2,85.1,13.2,21,2,0
synthetic-0175,EQ-000,2026-02-13T18:00:00+00:00,Nordeste,rodoviaria,17.0,85.1,33.3,21,7,0
synthetic-0176,EQ-001,2026-02-14T00:00:00+00:00,Norte,industrial,32.0,84.2,27.6,32,8,0
synthetic-0177,EQ-002,2026-02-14T06:00:00+00:00,Nordeste,rural,83.0,103.8,5.4,11,11,1
synthetic-0178,EQ-003,2026-02-14T12:00:00+00:00,Sudeste,rodoviaria,55.1,111.8,33.9,39,4,0
synthetic-0179,EQ-004,2026-02-14T18:00:00+00:00,Sudeste,rural,49.0,117.6,16.4,12,5,0
synthetic-0180,EQ-005,2026-02-15T00:00:00+00:00,Nordeste,industrial,100.6,97.7,14.7,10,3,1
synthetic-0181,EQ-006,2026-02-15T06:00:00+00:00,Norte,industrial,67.9,89.1,32.7,45,8,1
synthetic-0182,EQ-007,2026-02-15T12:00:00+00:00,Nordeste,rural,32.6,94.2,18.0,27,1,0
synthetic-0183,EQ-008,2026-02-15T18:00:00+00:00,Sudeste,urbana,117.4,92.0,13.9,23,3,1
synthetic-0184,EQ-009,2026-02-16T00:00:00+00:00,Nordeste,rodoviaria,18.1,125.5,29.4,41,5,1
synthetic-0185,EQ-010,2026-02-16T06:00:00+00:00,Sudeste,rural,115.9,95.7,29.1,48,11,1
synthetic-0186,EQ-011,2026-02-16T12:00:00+00:00,Sudeste,urbana,114.6,66.2,7.5,9,8,0
synthetic-0187,EQ-012,2026-02-16T18:00:00+00:00,Sudeste,urbana,41.1,,8.3,40,9,1
synthetic-0188,EQ-013,2026-02-17T00:00:00+00:00,Nordeste,rodoviaria,114.6,103.8,0.6,32,9,1
synthetic-0189,EQ-014,2026-02-17T06:00:00+00:00,Norte,industrial,15.2,87.9,20.0,11,10,1
synthetic-0190,EQ-015,2026-02-17T12:00:00+00:00,Sudeste,rural,72.9,98.0,34.6,35,0,1
synthetic-0191,EQ-016,2026-02-17T18:00:00+00:00,Sul,rodoviaria,57.6,89.3,26.2,22,1,0
synthetic-0192,EQ-017,2026-02-18T00:00:00+00:00,Norte,industrial,84.1,115.1,25.7,21,2,0
synthetic-0193,EQ-018,2026-02-18T06:00:00+00:00,Sudeste,rodoviaria,104.5,76.4,27.3,29,11,0
synthetic-0194,EQ-019,2026-02-18T12:00:00+00:00,Norte,rodoviaria,21.9,115.5,16.0,18,3,0
synthetic-0195,EQ-020,2026-02-18T18:00:00+00:00,Sul,urbana,49.7,85.2,13.9,34,7,0
synthetic-0196,EQ-021,2026-02-19T00:00:00+00:00,Sul,urbana,36.0,88.2,27.3,41,5,0
synthetic-0197,EQ-022,2026-02-19T06:00:00+00:00,Nordeste,rural,63.1,91.0,15.4,24,5,0
synthetic-0198,EQ-023,2026-02-19T12:00:00+00:00,Sudeste,urbana,55.4,116.8,9.3,5,11,1
synthetic-0199,EQ-024,2026-02-19T18:00:00+00:00,Sul,industrial,124.5,76.7,10.3,6,1,0
synthetic-0200,EQ-025,2026-02-20T00:00:00+00:00,Norte,industrial,81.3,92.7,24.1,22,7,0
synthetic-0201,EQ-026,2026-02-20T06:00:00+00:00,Sudeste,industrial,62.8,106.6,27.7,3,1,0
synthetic-0202,EQ-027,2026-02-20T12:00:00+00:00,Sudeste,urbana,97.5,75.4,1.1,38,10,1
synthetic-0203,EQ-028,2026-02-20T18:00:00+00:00,Nordeste,rural,41.0,106.9,12.7,36,0,0
synthetic-0204,EQ-029,2026-02-21T00:00:00+00:00,Sudeste,industrial,55.9,,20.1,33,5,0
synthetic-0205,EQ-030,2026-02-21T06:00:00+00:00,Sudeste,urbana,42.5,72.4,25.7,31,8,1
synthetic-0206,EQ-031,2026-02-21T12:00:00+00:00,Sudeste,rodoviaria,43.6,94.0,34.9,18,11,1
synthetic-0207,EQ-032,2026-02-21T18:00:00+00:00,Sul,industrial,108.8,94.4,31.5,28,1,0
synthetic-0208,EQ-033,2026-02-22T00:00:00+00:00,Nordeste,industrial,75.5,83.9,10.5,10,11,0
synthetic-0209,EQ-034,2026-02-22T06:00:00+00:00,Sul,industrial,28.3,78.1,4.9,31,0,0
synthetic-0210,EQ-000,2026-02-22T12:00:00+00:00,Sudeste,rural,123.1,73.4,30.9,4,4,0
synthetic-0211,EQ-001,2026-02-22T18:00:00+00:00,Norte,rural,99.6,118.5,2.6,20,10,1
synthetic-0212,EQ-002,2026-02-23T00:00:00+00:00,Nordeste,rodoviaria,71.9,73.3,29.0,35,10,1
synthetic-0213,EQ-003,2026-02-23T06:00:00+00:00,Nordeste,rodoviaria,115.2,68.6,4.3,9,4,0
synthetic-0214,EQ-004,2026-02-23T12:00:00+00:00,Sul,rodoviaria,93.0,87.5,32.9,18,1,0
synthetic-0215,EQ-005,2026-02-23T18:00:00+00:00,Nordeste,rodoviaria,75.6,73.1,10.6,34,1,0
synthetic-0216,EQ-006,2026-02-24T00:00:00+00:00,Norte,urbana,83.7,123.6,11.8,36,0,1
synthetic-0217,EQ-007,2026-02-24T06:00:00+00:00,Sudeste,urbana,85.6,102.5,22.8,49,9,1
synthetic-0218,EQ-008,2026-02-24T12:00:00+00:00,Sudeste,industrial,84.0,83.8,33.5,30,3,0
synthetic-0219,EQ-009,2026-02-24T18:00:00+00:00,Sul,rodoviaria,90.7,75.3,14.5,29,3,0
synthetic-0220,EQ-010,2026-02-25T00:00:00+00:00,Sul,urbana,94.0,112.7,30.1,25,2,1
synthetic-0221,EQ-011,2026-02-25T06:00:00+00:00,Sul,rural,66.3,,8.7,6,0,0
synthetic-0222,EQ-012,2026-02-25T12:00:00+00:00,Sul,rodoviaria,61.0,127.6,31.6,20,9,0
synthetic-0223,EQ-013,2026-02-25T18:00:00+00:00,Norte,urbana,69.8,98.5,17.5,19,7,0
synthetic-0224,EQ-014,2026-02-26T00:00:00+00:00,Norte,industrial,70.6,127.8,7.5,22,0,0
synthetic-0225,EQ-015,2026-02-26T06:00:00+00:00,Norte,rural,112.1,107.5,16.5,34,0,1
synthetic-0226,EQ-016,2026-02-26T12:00:00+00:00,Norte,rodoviaria,44.1,88.8,14.1,2,6,0
synthetic-0227,EQ-017,2026-02-26T18:00:00+00:00,Norte,rodoviaria,46.7,90.1,15.8,35,4,0
synthetic-0228,EQ-018,2026-02-27T00:00:00+00:00,Nordeste,rural,58.3,116.7,11.9,23,2,0
synthetic-0229,EQ-019,2026-02-27T06:00:00+00:00,Sudeste,rodoviaria,20.0,73.9,11.7,30,8,0
synthetic-0230,EQ-020,2026-02-27T12:00:00+00:00,Sul,industrial,71.7,86.3,21.5,10,6,0
synthetic-0231,EQ-021,2026-02-27T18:00:00+00:00,Sul,industrial,71.1,96.8,19.7,30,0,0
synthetic-0232,EQ-022,2026-02-28T00:00:00+00:00,Norte,rural,122.8,102.9,27.9,46,11,1
synthetic-0233,EQ-023,2026-02-28T06:00:00+00:00,Norte,rural,87.1,128.2,20.2,14,11,1
synthetic-0234,EQ-024,2026-02-28T12:00:00+00:00,Nordeste,urbana,84.2,105.3,29.4,9,10,1
synthetic-0235,EQ-025,2026-02-28T18:00:00+00:00,Sudeste,rodoviaria,92.1,77.4,15.4,26,2,0
synthetic-0236,EQ-026,2026-03-01T00:00:00+00:00,Norte,rodoviaria,100.2,124.8,30.5,47,11,1
synthetic-0237,EQ-027,2026-03-01T06:00:00+00:00,Nordeste,rural,76.7,129.9,16.7,24,5,0
synthetic-0238,EQ-028,2026-03-01T12:00:00+00:00,Sul,rural,52.7,,27.0,46,10,1
synthetic-0239,EQ-029,2026-03-01T18:00:00+00:00,Nordeste,rural,42.1,101.3,7.9,19,4,0
synthetic-0240,EQ-030,2026-03-02T00:00:00+00:00,Norte,rural,53.4,125.7,27.8,17,4,0
synthetic-0241,EQ-031,2026-03-02T06:00:00+00:00,Norte,industrial,58.4,87.4,27.1,9,4,0
synthetic-0242,EQ-032,2026-03-02T12:00:00+00:00,Nordeste,rodoviaria,23.7,125.1,23.0,47,7,0
synthetic-0243,EQ-033,2026-03-02T18:00:00+00:00,Nordeste,rodoviaria,44.8,101.5,9.5,6,9,1
synthetic-0244,EQ-034,2026-03-03T00:00:00+00:00,Sul,rural,114.6,79.7,8.1,6,6,1
synthetic-0245,EQ-000,2026-03-03T06:00:00+00:00,Sudeste,rural,99.8,65.3,19.3,10,6,0
synthetic-0246,EQ-001,2026-03-03T12:00:00+00:00,Nordeste,urbana,98.2,83.7,10.0,3,1,0
synthetic-0247,EQ-002,2026-03-03T18:00:00+00:00,Sudeste,rodoviaria,34.3,122.3,6.2,2,6,0
synthetic-0248,EQ-003,2026-03-04T00:00:00+00:00,Norte,industrial,120.8,125.2,30.7,0,4,1
synthetic-0249,EQ-004,2026-03-04T06:00:00+00:00,Sudeste,industrial,123.8,100.3,17.3,8,8,1
synthetic-0250,EQ-005,2026-03-04T12:00:00+00:00,Nordeste,urbana,27.4,75.6,16.1,16,11,0
synthetic-0251,EQ-006,2026-03-04T18:00:00+00:00,Sudeste,rural,102.0,101.9,26.5,11,9,1
synthetic-0252,EQ-007,2026-03-05T00:00:00+00:00,Sul,rodoviaria,24.5,108.5,6.5,8,7,1
synthetic-0253,EQ-008,2026-03-05T06:00:00+00:00,Norte,industrial,57.2,94.0,9.3,21,4,0
synthetic-0254,EQ-009,2026-03-05T12:00:00+00:00,Sudeste,industrial,91.2,69.0,4.1,19,2,0
synthetic-0255,EQ-010,2026-03-05T18:00:00+00:00,Nordeste,rural,85.3,,12.9,14,3,1
synthetic-0256,EQ-011,2026-03-06T00:00:00+00:00,Nordeste,rodoviaria,97.3,104.4,14.6,35,7,1
synthetic-0257,EQ-012,2026-03-06T06:00:00+00:00,Sul,urbana,80.5,116.2,18.4,33,11,0
synthetic-0258,EQ-013,2026-03-06T12:00:00+00:00,Nordeste,rodoviaria,27.3,118.9,31.6,12,9,1
synthetic-0259,EQ-014,2026-03-06T18:00:00+00:00,Norte,rural,72.2,72.6,7.2,37,7,0
synthetic-0260,EQ-015,2026-03-07T00:00:00+00:00,Sudeste,industrial,64.9,98.4,16.0,3,8,0
synthetic-0261,EQ-016,2026-03-07T06:00:00+00:00,Norte,rural,58.6,118.1,26.1,37,1,1
synthetic-0262,EQ-017,2026-03-07T12:00:00+00:00,Norte,industrial,22.0,129.6,32.7,4,7,0
synthetic-0263,EQ-018,2026-03-07T18:00:00+00:00,Sul,rural,99.6,114.8,34.2,41,6,1
synthetic-0264,EQ-019,2026-03-08T00:00:00+00:00,Nordeste,industrial,115.9,89.5,2.8,42,8,1
synthetic-0265,EQ-020,2026-03-08T06:00:00+00:00,Norte,industrial,124.2,90.5,4.5,14,0,0
synthetic-0266,EQ-021,2026-03-08T12:00:00+00:00,Sudeste,industrial,94.1,92.6,13.3,14,3,1
synthetic-0267,EQ-022,2026-03-08T18:00:00+00:00,Sudeste,urbana,35.7,121.9,26.8,2,10,1
synthetic-0268,EQ-023,2026-03-09T00:00:00+00:00,Norte,rodoviaria,22.4,103.6,15.6,43,11,0
synthetic-0269,EQ-024,2026-03-09T06:00:00+00:00,Nordeste,industrial,59.2,80.2,7.6,49,0,0
synthetic-0270,EQ-025,2026-03-09T12:00:00+00:00,Sul,rodoviaria,115.8,102.4,20.2,49,10,1
synthetic-0271,EQ-026,2026-03-09T18:00:00+00:00,Norte,rodoviaria,30.8,107.9,7.7,19,4,0
synthetic-0272,EQ-027,2026-03-10T00:00:00+00:00,Sudeste,industrial,62.0,,34.0,41,10,1
synthetic-0273,EQ-028,2026-03-10T06:00:00+00:00,Nordeste,rodoviaria,59.9,84.5,6.4,34,7,1
synthetic-0274,EQ-029,2026-03-10T12:00:00+00:00,Sudeste,rodoviaria,92.8,117.4,32.0,35,6,1
synthetic-0275,EQ-030,2026-03-10T18:00:00+00:00,Norte,rodoviaria,43.0,86.5,2.8,28,5,1
synthetic-0276,EQ-031,2026-03-11T00:00:00+00:00,Nordeste,rural,56.5,104.3,1.4,4,3,0
synthetic-0277,EQ-032,2026-03-11T06:00:00+00:00,Norte,rural,114.8,84.7,31.8,13,3,0
synthetic-0278,EQ-033,2026-03-11T12:00:00+00:00,Sul,industrial,91.5,110.7,13.9,15,8,1
synthetic-0279,EQ-034,2026-03-11T18:00:00+00:00,Sudeste,urbana,73.7,88.4,9.2,32,7,0
synthetic-0280,EQ-000,2026-03-12T00:00:00+00:00,Sul,rural,94.5,114.5,11.2,13,5,1
synthetic-0281,EQ-001,2026-03-12T06:00:00+00:00,Sudeste,industrial,110.0,113.2,0.6,35,9,1
synthetic-0282,EQ-002,2026-03-12T12:00:00+00:00,Sul,industrial,51.3,89.7,29.2,31,8,0
synthetic-0283,EQ-003,2026-03-12T18:00:00+00:00,Sul,rodoviaria,68.7,112.0,25.9,29,2,1
synthetic-0284,EQ-004,2026-03-13T00:00:00+00:00,Norte,urbana,75.1,77.0,31.1,41,0,0
synthetic-0285,EQ-005,2026-03-13T06:00:00+00:00,Norte,rodoviaria,88.5,114.7,14.4,40,3,1
synthetic-0286,EQ-006,2026-03-13T12:00:00+00:00,Sudeste,rural,70.6,89.3,21.6,42,9,1
synthetic-0287,EQ-007,2026-03-13T18:00:00+00:00,Sul,urbana,73.5,91.7,0.6,46,4,0
synthetic-0288,EQ-008,2026-03-14T00:00:00+00:00,Norte,rodoviaria,91.8,93.0,32.9,11,1,0
synthetic-0289,EQ-009,2026-03-14T06:00:00+00:00,Sul,rural,83.2,,12.4,25,1,0
synthetic-0290,EQ-010,2026-03-14T12:00:00+00:00,Norte,urbana,41.8,110.3,10.5,5,10,0
synthetic-0291,EQ-011,2026-03-14T18:00:00+00:00,Norte,rural,56.5,95.9,22.3,44,2,0
synthetic-0292,EQ-012,2026-03-15T00:00:00+00:00,Norte,rodoviaria,85.9,86.5,34.2,6,8,1
synthetic-0293,EQ-013,2026-03-15T06:00:00+00:00,Sul,urbana,110.5,122.7,16.6,2,1,1
synthetic-0294,EQ-014,2026-03-15T12:00:00+00:00,Sudeste,urbana,108.5,66.0,7.3,9,11,1
synthetic-0295,EQ-015,2026-03-15T18:00:00+00:00,Sul,rural,77.0,101.8,29.7,43,8,1
synthetic-0296,EQ-016,2026-03-16T00:00:00+00:00,Sul,urbana,30.4,129.3,25.3,32,11,1
synthetic-0297,EQ-017,2026-03-16T06:00:00+00:00,Sudeste,industrial,40.5,69.9,21.2,39,9,1
synthetic-0298,EQ-018,2026-03-16T12:00:00+00:00,Sudeste,rural,45.1,129.5,17.2,22,8,1
synthetic-0299,EQ-019,2026-03-16T18:00:00+00:00,Norte,urbana,79.4,89.7,27.0,18,3,0
synthetic-0300,EQ-020,2026-03-17T00:00:00+00:00,Sul,urbana,56.8,116.0,5.4,24,5,1
synthetic-0301,EQ-021,2026-03-17T06:00:00+00:00,Norte,rodoviaria,118.7,93.9,26.6,6,2,0
synthetic-0302,EQ-022,2026-03-17T12:00:00+00:00,Norte,industrial,76.3,98.3,3.6,5,5,0
synthetic-0303,EQ-023,2026-03-17T18:00:00+00:00,Nordeste,rodoviaria,16.4,91.9,27.3,46,8,0
synthetic-0304,EQ-024,2026-03-18T00:00:00+00:00,Nordeste,rural,33.6,82.5,9.4,9,1,0
synthetic-0305,EQ-025,2026-03-18T06:00:00+00:00,Sudeste,rodoviaria,48.0,115.9,12.6,15,11,1
synthetic-0306,EQ-026,2026-03-18T12:00:00+00:00,Sul,rural,29.9,,13.8,39,6,0
synthetic-0307,EQ-027,2026-03-18T18:00:00+00:00,Sul,rodoviaria,104.7,120.9,34.1,8,4,1
synthetic-0308,EQ-028,2026-03-19T00:00:00+00:00,Sudeste,rodoviaria,34.5,90.9,11.2,47,11,1
synthetic-0309,EQ-029,2026-03-19T06:00:00+00:00,Nordeste,urbana,45.8,116.1,12.8,36,3,0
synthetic-0310,EQ-030,2026-03-19T12:00:00+00:00,Norte,rural,65.8,111.0,15.3,18,11,0
synthetic-0311,EQ-031,2026-03-19T18:00:00+00:00,Sudeste,rural,30.3,84.7,8.8,9,11,1
synthetic-0312,EQ-032,2026-03-20T00:00:00+00:00,Sudeste,urbana,124.0,96.2,14.0,32,11,1
synthetic-0313,EQ-033,2026-03-20T06:00:00+00:00,Norte,rodoviaria,54.5,123.2,18.8,40,1,0
synthetic-0314,EQ-034,2026-03-20T12:00:00+00:00,Sudeste,industrial,54.1,107.1,1.6,41,10,0
synthetic-0315,EQ-000,2026-03-20T18:00:00+00:00,Nordeste,rural,62.4,65.7,9.1,32,11,1
synthetic-0316,EQ-001,2026-03-21T00:00:00+00:00,Norte,rural,65.9,109.2,24.2,9,5,1
synthetic-0317,EQ-002,2026-03-21T06:00:00+00:00,Sul,industrial,60.8,127.5,4.1,46,2,1
synthetic-0318,EQ-003,2026-03-21T12:00:00+00:00,Sudeste,industrial,101.3,98.9,12.2,6,7,1
synthetic-0319,EQ-004,2026-03-21T18:00:00+00:00,Norte,rodoviaria,19.9,111.2,0.8,21,10,0
synthetic-0320,EQ-005,2026-03-22T00:00:00+00:00,Sudeste,rural,96.5,98.5,19.3,21,8,1
synthetic-0321,EQ-006,2026-03-22T06:00:00+00:00,Norte,rodoviaria,59.6,77.0,22.4,27,6,0
synthetic-0322,EQ-007,2026-03-22T12:00:00+00:00,Norte,urbana,62.3,65.3,7.5,17,11,0
synthetic-0323,EQ-008,2026-03-22T18:00:00+00:00,Sudeste,industrial,74.1,,6.9,7,4,0
synthetic-0324,EQ-009,2026-03-23T00:00:00+00:00,Nordeste,industrial,82.2,103.2,12.2,29,9,0
synthetic-0325,EQ-010,2026-03-23T06:00:00+00:00,Norte,rodoviaria,79.9,108.7,11.0,15,4,0
synthetic-0326,EQ-011,2026-03-23T12:00:00+00:00,Sudeste,rodoviaria,30.5,90.3,20.9,36,6,0
synthetic-0327,EQ-012,2026-03-23T18:00:00+00:00,Nordeste,rural,74.1,124.7,32.6,11,8,1
synthetic-0328,EQ-013,2026-03-24T00:00:00+00:00,Sudeste,rodoviaria,35.6,119.7,21.7,22,0,0
synthetic-0329,EQ-014,2026-03-24T06:00:00+00:00,Sudeste,rural,57.2,101.5,22.9,26,10,0
synthetic-0330,EQ-015,2026-03-24T12:00:00+00:00,Sul,urbana,63.8,75.9,19.8,48,3,1
synthetic-0331,EQ-016,2026-03-24T18:00:00+00:00,Norte,urbana,74.1,75.9,16.0,47,7,1
synthetic-0332,EQ-017,2026-03-25T00:00:00+00:00,Sudeste,rodoviaria,74.7,129.4,19.0,48,0,0
synthetic-0333,EQ-018,2026-03-25T06:00:00+00:00,Sudeste,industrial,26.3,119.0,26.3,19,0,0
synthetic-0334,EQ-019,2026-03-25T12:00:00+00:00,Nordeste,industrial,104.8,93.5,34.8,49,3,0
synthetic-0335,EQ-020,2026-03-25T18:00:00+00:00,Norte,industrial,82.1,92.8,21.6,13,3,0
synthetic-0336,EQ-021,2026-03-26T00:00:00+00:00,Sul,urbana,80.7,75.9,34.3,18,4,1
synthetic-0337,EQ-022,2026-03-26T06:00:00+00:00,Nordeste,rodoviaria,97.5,91.8,2.1,17,10,1
synthetic-0338,EQ-023,2026-03-26T12:00:00+00:00,Sudeste,rodoviaria,93.3,118.9,26.7,43,6,1
synthetic-0339,EQ-024,2026-03-26T18:00:00+00:00,Sudeste,industrial,44.6,91.9,15.8,40,1,0
synthetic-0340,EQ-025,2026-03-27T00:00:00+00:00,Norte,rural,111.5,,17.1,37,0,0
synthetic-0341,EQ-026,2026-03-27T06:00:00+00:00,Sudeste,rodoviaria,91.7,120.3,27.8,25,3,1
synthetic-0342,EQ-027,2026-03-27T12:00:00+00:00,Sudeste,industrial,50.5,83.4,19.2,8,9,0
synthetic-0343,EQ-028,2026-03-27T18:00:00+00:00,Norte,rodoviaria,98.8,68.0,21.9,29,0,0
synthetic-0344,EQ-029,2026-03-28T00:00:00+00:00,Sul,rodoviaria,15.1,127.3,7.1,44,2,0
synthetic-0345,EQ-030,2026-03-28T06:00:00+00:00,Nordeste,urbana,111.4,71.1,12.6,5,5,0
synthetic-0346,EQ-031,2026-03-28T12:00:00+00:00,Norte,urbana,48.6,110.5,8.2,41,1,1
synthetic-0347,EQ-032,2026-03-28T18:00:00+00:00,Norte,industrial,23.6,103.6,18.2,28,0,0
synthetic-0348,EQ-033,2026-03-29T00:00:00+00:00,Sudeste,urbana,123.7,92.5,4.6,4,3,0
synthetic-0349,EQ-034,2026-03-29T06:00:00+00:00,Nordeste,rodoviaria,26.3,85.4,30.8,8,6,1
synthetic-0350,EQ-000,2026-03-29T12:00:00+00:00,Nordeste,rodoviaria,77.0,104.7,5.7,22,11,0
synthetic-0351,EQ-001,2026-03-29T18:00:00+00:00,Norte,rural,82.8,93.8,7.6,6,2,0
synthetic-0352,EQ-002,2026-03-30T00:00:00+00:00,Nordeste,industrial,62.2,116.4,8.7,41,1,0
synthetic-0353,EQ-003,2026-03-30T06:00:00+00:00,Nordeste,rural,91.0,120.1,23.0,19,3,1
synthetic-0354,EQ-004,2026-03-30T12:00:00+00:00,Norte,rodoviaria,21.0,123.4,33.4,31,6,0
synthetic-0355,EQ-005,2026-03-30T18:00:00+00:00,Nordeste,rural,80.3,99.3,34.2,23,5,0
synthetic-0356,EQ-006,2026-03-31T00:00:00+00:00,Norte,urbana,77.5,88.8,23.9,48,7,1
synthetic-0357,EQ-007,2026-03-31T06:00:00+00:00,Sul,rural,16.5,,32.3,25,8,0
synthetic-0358,EQ-008,2026-03-31T12:00:00+00:00,Norte,industrial,59.3,106.6,18.8,9,4,1
synthetic-0359,EQ-009,2026-03-31T18:00:00+00:00,Norte,industrial,116.3,128.3,5.4,20,6,1
synthetic-0360,EQ-010,2026-04-01T00:00:00+00:00,Norte,rural,95.3,120.0,2.0,5,6,0
synthetic-0361,EQ-011,2026-04-01T06:00:00+00:00,Norte,rodoviaria,21.1,108.3,23.0,11,1,0
synthetic-0362,EQ-012,2026-04-01T12:00:00+00:00,Nordeste,industrial,33.0,126.9,18.3,46,4,1
synthetic-0363,EQ-013,2026-04-01T18:00:00+00:00,Sul,rural,100.9,82.5,31.0,49,0,1
synthetic-0364,EQ-014,2026-04-02T00:00:00+00:00,Sudeste,industrial,22.0,111.3,20.2,4,7,1
synthetic-0365,EQ-015,2026-04-02T06:00:00+00:00,Norte,rodoviaria,109.5,75.8,5.5,49,1,0
synthetic-0366,EQ-016,2026-04-02T12:00:00+00:00,Sul,rural,15.3,120.8,0.4,2,7,0
synthetic-0367,EQ-017,2026-04-02T18:00:00+00:00,Sudeste,rodoviaria,34.7,127.4,1.2,45,11,1
synthetic-0368,EQ-018,2026-04-03T00:00:00+00:00,Sul,urbana,60.8,111.8,9.5,4,9,0
synthetic-0369,EQ-019,2026-04-03T06:00:00+00:00,Norte,rural,114.2,76.7,28.2,2,6,0
synthetic-0370,EQ-020,2026-04-03T12:00:00+00:00,Sul,rodoviaria,100.1,85.2,3.0,29,0,0
synthetic-0371,EQ-021,2026-04-03T18:00:00+00:00,Sudeste,rodoviaria,101.3,113.1,8.5,23,9,1
synthetic-0372,EQ-022,2026-04-04T00:00:00+00:00,Nordeste,industrial,75.1,116.7,5.3,26,0,0
synthetic-0373,EQ-023,2026-04-04T06:00:00+00:00,Sudeste,industrial,91.3,65.6,11.7,48,10,1
synthetic-0374,EQ-024,2026-04-04T12:00:00+00:00,Sul,urbana,73.3,,17.2,3,2,1
synthetic-0375,EQ-025,2026-04-04T18:00:00+00:00,Norte,urbana,40.5,120.0,14.5,23,7,0
synthetic-0376,EQ-026,2026-04-05T00:00:00+00:00,Nordeste,rodoviaria,85.1,90.6,20.7,3,6,0
synthetic-0377,EQ-027,2026-04-05T06:00:00+00:00,Sul,rural,108.6,125.2,13.8,47,5,1
synthetic-0378,EQ-028,2026-04-05T12:00:00+00:00,Nordeste,urbana,23.2,78.2,27.3,37,1,0
synthetic-0379,EQ-029,2026-04-05T18:00:00+00:00,Sudeste,industrial,66.3,91.4,18.8,49,3,0
synthetic-0380,EQ-030,2026-04-06T00:00:00+00:00,Norte,rodoviaria,108.8,70.9,28.3,19,11,0
synthetic-0381,EQ-031,2026-04-06T06:00:00+00:00,Norte,industrial,51.1,70.9,8.7,22,6,0
synthetic-0382,EQ-032,2026-04-06T12:00:00+00:00,Nordeste,urbana,124.0,67.0,14.2,28,8,1
synthetic-0383,EQ-033,2026-04-06T18:00:00+00:00,Nordeste,rodoviaria,103.4,74.1,0.4,49,3,0
synthetic-0384,EQ-034,2026-04-07T00:00:00+00:00,Sul,urbana,55.9,106.0,22.6,37,9,1
synthetic-0385,EQ-000,2026-04-07T06:00:00+00:00,Sul,urbana,22.1,123.7,15.5,8,1,1
synthetic-0386,EQ-001,2026-04-07T12:00:00+00:00,Sudeste,urbana,65.7,75.9,20.1,46,6,1
synthetic-0387,EQ-002,2026-04-07T18:00:00+00:00,Sudeste,rodoviaria,61.9,88.0,31.8,17,4,1
synthetic-0388,EQ-003,2026-04-08T00:00:00+00:00,Sudeste,urbana,83.1,81.0,10.3,26,8,1
synthetic-0389,EQ-004,2026-04-08T06:00:00+00:00,Norte,rural,57.1,92.3,22.5,33,3,0
synthetic-0390,EQ-005,2026-04-08T12:00:00+00:00,Sul,rural,54.5,100.4,17.0,36,8,1
synthetic-0391,EQ-006,2026-04-08T18:00:00+00:00,Norte,rural,17.9,,1.0,49,4,0
synthetic-0392,EQ-007,2026-04-09T00:00:00+00:00,Nordeste,industrial,99.4,130.0,34.1,6,3,0
synthetic-0393,EQ-008,2026-04-09T06:00:00+00:00,Sudeste,industrial,102.0,112.9,26.7,14,9,0
synthetic-0394,EQ-009,2026-04-09T12:00:00+00:00,Sul,urbana,124.1,76.3,8.3,20,11,1
synthetic-0395,EQ-010,2026-04-09T18:00:00+00:00,Sul,rodoviaria,53.7,101.9,5.0,12,7,0
synthetic-0396,EQ-011,2026-04-10T00:00:00+00:00,Norte,industrial,24.9,80.1,7.7,33,7,0
synthetic-0397,EQ-012,2026-04-10T06:00:00+00:00,Norte,rodoviaria,37.2,73.5,25.1,20,0,0
synthetic-0398,EQ-013,2026-04-10T12:00:00+00:00,Sul,rural,115.9,115.3,29.6,23,1,1
synthetic-0399,EQ-014,2026-04-10T18:00:00+00:00,Sudeste,industrial,52.0,86.0,34.2,46,6,1
